cap,bet,markets,fills,closed_with_fill,closed_y,closed_no,cost_all,cost_closed,realized_pl,value_per_dollar
0.3,5,3056,351,117,89,28,1755,585,632.29,1.0808372923076923
0.3,10,3056,319,107,82,25,3190,1070,1200.05,1.1215389336448598
0.3,15,3056,296,97,75,22,4440,1455,1796.6,1.2347736357388317
0.3,20,3056,277,93,73,20,5540,1860,2308.94,1.2413671252688172
0.3,25,3056,267,90,71,19,6675,2250,2789.82,1.239921063111111
0.3,30,3056,256,88,69,19,7680,2640,3387.24,1.2830458568181817
0.3,35,3056,250,86,68,18,8750,3010,502.16,0.16682985714285714
0.3,40,3056,247,86,68,18,9880,3440,555.07,0.16135769040697676
0.3,45,3056,241,83,65,18,10845,3735,748.34,0.2003597526104418
0.3,50,3056,230,79,62,17,11500,3950,762.82,0.1931201681012658
0.3,55,3056,226,79,62,17,12430,4345,831.83,0.19144444441887234
0.3,60,3056,218,76,59,17,13080,4560,1078.13,0.2364309245614035
0.3,65,3056,212,75,59,16,13780,4875,982.46,0.20152946687179493
0.3,70,3056,207,74,58,16,14490,5180,1119.33,0.21608708861003859
0.3,75,3056,207,74,58,16,15525,5550,1196.46,0.21557883153153148
0.3,80,3056,205,72,56,16,16400,5760,1451.51,0.2519979354166666
0.3,85,3056,204,71,55,16,17340,6035,1643.6,0.2723451227837615
0.3,90,3056,200,70,55,15,18000,6300,1554.93,0.2468144153968253
0.3,95,3056,198,70,55,15,18810,6650,1682.47,0.25300241127819545
0.3,100,3056,196,70,55,15,19600,7000,1813.26,0.25903706057142856
0.3,105,3056,194,69,54,15,20370,7245,2051.38,0.2831436240165631
0.3,110,3056,194,69,54,15,21340,7590,2187.46,0.28820284664031626
0.3,115,3056,191,67,52,15,21965,7705,2553.56,0.3314155593770279
0.3,120,3056,188,67,52,15,22560,8040,2700.55,0.3358888917910447
0.3,125,3056,188,67,52,15,23500,8375,2852.63,0.3406127542686568
0.3,130,3056,185,66,51,15,24050,8580,3136.68,0.36557987167832173
0.3,135,3056,183,65,50,15,24705,8775,3431.32,0.3910338769230769
0.3,140,3056,180,64,49,15,25200,8960,3741.43,0.41757054542410715
0.3,145,3056,179,63,49,14,25955,9135,3542.22,0.3877634419266558
0.3,150,3056,178,62,48,14,26700,9300,3855.6,0.4145804284946236
0.3,155,3056,178,62,48,14,27590,9610,4025.21,0.4188559033298647
0.3,160,3056,178,62,48,14,28480,9920,4195.49,0.4229322909274194
0.3,165,3056,177,62,48,14,29205,10230,4358.25,0.4260263631476051
0.3,170,3056,175,62,48,14,29750,10540,4515.72,0.4284361442125237
0.3,175,3056,173,61,47,14,30275,10675,4846.13,0.4539704675409836
0.3,180,3056,173,61,47,14,31140,10980,5004.21,0.45575640418943536
0.3,185,3056,169,57,44,13,31265,10545,4361.64,0.4136212160265529
0.3,190,3056,168,57,44,13,31920,10830,4491.19,0.4146991686057248
0.3,195,3056,167,56,43,13,32565,10920,4817.6,0.4411721978937729
0.3,200,3056,166,55,43,12,33200,11000,3482.0,0.31654504127272726
0.3,205,3056,166,55,43,12,34030,11275,3572.03,0.31680985667405764
0.3,210,3056,166,55,43,12,34860,11550,3666.65,0.31745861281385285
0.3,215,3056,166,55,43,12,35690,11825,3762.53,0.3181843250739958
0.3,220,3056,163,53,42,11,35860,11660,3541.3,0.30371367838765007
0.3,225,3056,161,52,42,10,36225,11700,3096.92,0.26469374641025645
0.3,230,3056,156,50,41,9,35880,11500,2846.06,0.24748377408695652
0.3,235,3056,156,50,41,9,36660,11750,2903.8,0.24713162740425532
0.3,240,3056,155,49,41,8,37200,11760,2276.81,0.19360620867346942
0.3,245,3056,155,49,41,8,37975,12005,2319.78,0.1932340830487297
0.3,250,3056,154,49,41,8,38500,12250,2362.74,0.1928768426122449
0.3,255,3056,153,48,40,8,39015,12240,2660.71,0.21737806184640523
0.3,260,3056,152,48,40,8,39520,12480,2708.67,0.2170411564102564
0.3,265,3056,152,48,40,8,40280,12720,2756.05,0.21667084433962272
0.3,270,3056,152,48,40,8,41040,12960,2803.98,0.21635683341049392
0.3,275,3056,149,47,39,8,40975,12925,3129.69,0.24214245114119923
0.3,280,3056,148,47,39,8,41440,13160,3185.33,0.2420461088905775
0.3,285,3056,148,47,39,8,42180,13395,3240.32,0.24190516685330352
0.3,290,3056,147,46,38,8,42630,13340,3589.36,0.26906716754122934
0.3,295,3056,147,46,38,8,43365,13570,3656.22,0.2694337764922623
0.3,300,3056,146,46,38,8,43800,13800,3723.38,0.2698102447826087
0.3,305,3056,145,46,38,8,44225,14030,3788.89,0.27005630092658583
0.3,310,3056,143,45,37,8,44330,13950,4162.25,0.2983693628673835
0.3,315,3056,142,44,36,8,44730,13860,4543.96,0.32784716305916306
0.3,320,3056,141,44,36,8,45120,14080,4615.48,0.3278041958806818
0.3,325,3056,141,44,36,8,45825,14300,4686.41,0.32772073825174824
0.3,330,3056,140,44,36,8,46200,14520,4756.91,0.3276107568181818
0.3,335,3056,139,44,36,8,46565,14740,4827.41,0.3275040584803256
0.3,340,3056,138,44,36,8,46920,14960,4897.91,0.32740049826203216
0.3,345,3056,138,44,36,8,47610,15180,4968.41,0.3272999399868249
0.3,350,3056,138,44,36,8,48300,15400,5039.82,0.3272607270779221
0.3,355,3056,138,44,36,8,48990,15620,5111.4,0.3272345003201024
0.3,360,3056,138,44,36,8,49680,15840,5182.92,0.3272046426136363
0.3,365,3056,138,44,36,8,50370,16060,5256.01,0.32727352721046077
0.3,370,3056,138,44,36,8,51060,16280,5330.74,0.3274408169533169
0.3,375,3056,136,43,35,8,51000,16125,5781.03,0.3585134844031008
0.3,380,3056,135,42,34,8,51300,15960,6244.52,0.391260728320802
0.3,385,3056,132,42,34,8,50820,16170,6329.8,0.39145347235621525
0.3,390,3056,132,42,34,8,51480,16380,6414.07,0.3915790890109889
0.3,395,3056,131,41,33,8,51745,16195,6891.27,0.42551830898425436
0.3,400,3056,131,41,33,8,52400,16400,6978.45,0.42551515310975613
0.3,405,3056,129,40,32,8,52245,16200,7470.63,0.4611498770987654
0.3,410,3056,129,40,32,8,52890,16400,7561.25,0.46105204396341454
0.3,415,3056,128,40,32,8,53120,16600,7651.73,0.460947713253012
0.3,420,3056,128,40,32,8,53760,16800,7741.91,0.46082790630952375
0.3,425,3056,127,39,32,7,53975,16575,6694.57,0.40389544941176464
0.3,430,3056,127,39,32,7,54610,16770,6771.34,0.40377674859868806
0.3,435,3056,124,39,32,7,53940,16965,6848.11,0.4036607766578249
0.3,440,3056,124,39,32,7,54560,17160,6924.53,0.4035271484848485
0.3,445,3056,123,38,31,7,54735,16910,7444.69,0.44025363713778826
0.3,450,3056,122,38,31,7,54900,17100,7526.13,0.4401243467251461
0.3,455,3056,121,37,30,7,55055,16835,8061.98,0.4788820505494505
0.3,460,3056,121,37,30,7,55660,17020,8144.98,0.47855329441833144
0.3,465,3056,121,37,30,7,56265,17205,8225.7,0.4780996272595176
0.3,470,3056,119,36,29,7,55930,16920,8773.32,0.5185179268321514
0.3,475,3056,119,36,29,7,56525,17100,8855.25,0.5178510207602339
0.3,480,3056,118,36,29,7,56640,17280,8936.83,0.5171774694444444
0.3,485,3056,118,36,29,7,57230,17460,9016.83,0.5164277659221077
0.3,490,3056,117,36,29,7,57330,17640,9094.46,0.5155587849773242
0.3,495,3056,117,36,29,7,57915,17820,9170.53,0.5146199176767677
0.3,500,3056,117,36,29,7,58500,18000,9246.59,0.5136994863333333
0.35,5,3056,405,132,95,37,2025,660,652.21,0.9881995454545456
0.35,10,3056,374,124,90,34,3740,1240,1219.75,0.9836711596774194
0.35,15,3056,350,116,84,32,5250,1740,1830.73,1.0521436396551724
0.35,20,3056,327,110,80,30,6540,2200,2424.39,1.1019947318181817
0.35,25,3056,311,104,77,27,7775,2600,2903.66,1.1167906042307694
0.35,30,3056,298,100,74,26,8940,3000,3507.79,1.1692618573333333
0.35,35,3056,290,97,73,24,10150,3395,606.88,0.17875718910162008
0.35,40,3056,283,95,72,23,11320,3800,646.14,0.17003599026315788
0.35,45,3056,278,93,70,23,12510,4185,815.9,0.1949577749103943
0.35,50,3056,266,90,68,22,13300,4500,799.65,0.17769905711111111
0.35,55,3056,257,87,67,20,14135,4785,700.34,0.1463619494252874
0.35,60,3056,248,84,64,20,14880,5040,949.51,0.18839420515873015
0.35,65,3056,242,83,63,20,15730,5395,1087.48,0.20157138813716408
0.35,70,3056,237,83,63,20,16590,5810,1166.1,0.20070643734939767
0.35,75,3056,235,83,63,20,17625,6225,1251.51,0.20104658136546183
0.35,80,3056,233,81,61,20,18640,6480,1511.34,0.2332310137345679
0.35,85,3056,232,80,60,20,19720,6800,1704.78,0.2507023635294117
0.35,90,3056,229,78,59,19,20610,7020,1716.01,0.24444533190883191
0.35,95,3056,229,78,59,19,21755,7410,1826.51,0.24649283090418353
0.35,100,3056,227,78,59,19,22700,7800,1941.02,0.24884835871794878
0.35,105,3056,226,78,59,19,23730,8190,2055.79,0.25101202087912095
0.35,110,3056,225,78,59,19,24750,8580,2186.7,0.25486042668997666
0.35,115,3056,221,76,57,19,25415,8740,2549.34,0.29168678684210525
0.35,120,3056,218,76,57,19,26160,9120,2699.62,0.2960108010964911
0.35,125,3056,216,75,57,18,27000,9375,2569.08,0.27403482069333335
0.35,130,3056,214,75,57,18,27820,9750,2715.33,0.2784954072820512
0.35,135,3056,213,74,56,18,28755,9990,2996.98,0.2999979676676676
0.35,140,3056,211,74,56,18,29540,10360,3155.32,0.3045671945945945
0.35,145,3056,210,73,55,18,30450,10585,3465.63,0.32740979707132745
0.35,150,3056,206,70,53,17,30900,10500,3626.68,0.34539770666666664
0.35,155,3056,205,69,52,17,31775,10695,3944.65,0.3688313788686302
0.35,160,3056,205,69,52,17,32800,11040,4111.7,0.3724365746376812
0.35,165,3056,201,67,50,17,33165,11055,4602.69,0.41634457919493445
0.35,170,3056,200,67,50,17,34000,11390,4769.97,0.4187859399473222
0.35,175,3056,198,66,49,17,34650,11550,5110.81,0.44249422199134203
0.35,180,3056,198,66,49,17,35640,11880,5280.7,0.444503785016835
0.35,185,3056,196,64,48,16,36260,11840,4280.18,0.3615019954391892
0.35,190,3056,191,64,48,16,36290,12160,4410.56,0.362710753125
0.35,195,3056,190,63,47,16,37050,12285,4736.38,0.38554212446072444
0.35,200,3056,190,63,47,16,38000,12600,4877.65,0.3871152249999999
0.35,205,3056,190,63,47,16,38950,12915,5013.68,0.38820586945412305
0.35,210,3056,189,63,47,16,39690,13230,5150.74,0.3893231170068028
0.35,215,3056,189,63,47,16,40635,13545,5289.88,0.3905409546696198
0.35,220,3056,188,63,47,16,41360,13860,5402.36,0.3897805741702742
0.35,225,3056,188,63,47,16,42300,14175,5502.24,0.38816472966490306
0.35,230,3056,186,63,47,16,42780,14490,5601.74,0.3865936757763976
0.35,235,3056,186,63,47,16,43710,14805,5700.29,0.3850248154002026
0.35,240,3056,185,63,47,16,44400,15120,5800.84,0.3836531535052909
0.35,245,3056,185,63,47,16,45325,15435,5906.18,0.382648643861354
0.35,250,3056,183,62,47,15,45750,15500,4451.34,0.28718300380645156
0.35,255,3056,183,62,47,15,46665,15810,4542.85,0.287340015370019
0.35,260,3056,181,61,46,15,47060,15860,4887.6,0.3081713279319041
0.35,265,3056,179,60,45,15,47435,15900,5237.32,0.32939141874213834
0.35,270,3056,179,60,45,15,48330,16200,5327.02,0.3288282124691358
0.35,275,3056,175,58,43,15,48125,15950,5967.94,0.37416556394984324
0.35,280,3056,174,58,43,15,48720,16240,6070.66,0.37380881342364525
0.35,285,3056,174,58,43,15,49590,16530,6173.51,0.3734731724742892
0.35,290,3056,172,56,41,15,49880,16240,6855.28,0.422123348091133
0.35,295,3056,172,56,41,15,50740,16520,6972.85,0.42208520562953994
0.35,300,3056,171,56,41,15,51300,16800,7090.87,0.4220758360714286
0.35,305,3056,170,56,41,15,51850,17080,7207.73,0.4219981459601874
0.35,310,3056,168,55,40,15,52080,17050,7632.71,0.4476662482697948
0.35,315,3056,166,55,40,15,52290,17325,7751.62,0.44742406360750353
0.35,320,3056,165,55,40,15,52800,17600,7869.58,0.4471351802272727
0.35,325,3056,164,54,40,14,53300,17550,7309.54,0.41649823094017097
0.35,330,3056,163,54,40,14,53790,17820,7418.05,0.41627655359147026
0.35,335,3056,159,52,38,14,53265,17420,8196.55,0.4705253970149254
0.35,340,3056,158,52,38,14,53720,17680,8314.09,0.4702540382352941
0.35,345,3056,157,51,38,13,54165,17595,7647.83,0.43465951111111106
0.35,350,3056,157,51,38,13,54950,17850,7755.25,0.4344678036414566
0.35,355,3056,156,51,38,13,55380,18105,7861.71,0.4342284821320077
0.35,360,3056,156,51,38,13,56160,18360,7966.95,0.4339296029956427
0.35,365,3056,156,51,38,13,56940,18615,8072.74,0.4336684386784851
0.35,370,3056,156,51,38,13,57720,18870,8180.74,0.43353148934817165
0.35,375,3056,156,51,38,13,58500,19125,8289.18,0.43342137783006524
0.35,380,3056,155,51,38,13,58900,19380,8399.87,0.4334297904024768
0.35,385,3056,152,51,38,13,58520,19635,8506.66,0.43323975085306854
0.35,390,3056,152,51,38,13,59280,19890,8614.96,0.4331304259929613
0.35,395,3056,151,50,38,12,59645,19750,7717.31,0.39075005215189873
0.35,400,3056,151,50,38,12,60400,20000,7813.88,0.3906941441
0.35,405,3056,149,48,36,12,60345,19440,8720.45,0.4485829340020577
0.35,410,3056,149,48,36,12,61090,19680,8825.3,0.4484398320630081
0.35,415,3056,148,48,36,12,61420,19920,8928.59,0.44822233102409637
0.35,420,3056,147,47,35,12,61740,19740,9449.76,0.47871139295846
0.35,425,3056,146,47,35,12,62050,19975,9558.24,0.4785100884105131
0.35,430,3056,146,47,35,12,62780,20210,9667.21,0.4783378694705591
0.35,435,3056,144,47,35,12,62640,20445,9777.67,0.47824277842993396
0.35,440,3056,144,47,35,12,63360,20680,9888.52,0.47816849192456473
0.35,445,3056,144,47,35,12,64080,20915,10000.85,0.47816623557255566
0.35,450,3056,143,47,35,12,64350,21150,10113.1,0.47816086543735214
0.35,455,3056,142,46,34,12,64610,20930,10679.31,0.510239145341615
0.35,460,3056,142,46,34,12,65320,21160,10792.82,0.510057497778828
0.35,465,3056,141,45,34,11,65565,20925,9886.86,0.4724903840860215
0.35,470,3056,138,44,33,11,64860,20680,10460.65,0.5058343162959382
0.35,475,3056,137,43,32,11,65075,20425,11043.44,0.5406824557649939
0.35,480,3056,137,43,32,11,65760,20640,11157.8,0.5405910770833333
0.35,485,3056,137,43,32,11,66445,20855,11271.07,0.5404490827139775
0.35,490,3056,137,43,32,11,67130,21070,11383.09,0.5402508401518747
0.35,495,3056,137,43,32,11,67815,21285,11493.32,0.539972520977214
0.35,500,3056,137,43,32,11,68500,21500,11603.24,0.5396857501860465
0.4,5,3056,451,146,96,50,2255,730,720.11,0.9864458164383562
0.4,10,3056,417,139,93,46,4170,1390,1334.33,0.9599503503597122
0.4,15,3056,393,131,87,44,5895,1965,2019.16,1.02755993129771
0.4,20,3056,372,127,85,42,7440,2540,2644.59,1.0411768192913387
0.4,25,3056,353,124,85,39,8825,3100,3046.78,0.9828315061290323
0.4,30,3056,340,122,83,39,10200,3660,3703.53,1.0118945737704916
0.4,35,3056,328,120,82,38,11480,4200,882.79,0.21018835785714285
0.4,40,3056,318,116,79,37,12720,4640,1042.0,0.22456951314655169
0.4,45,3056,308,112,76,36,13860,5040,1208.42,0.23976609027777782
0.4,50,3056,297,111,75,36,14850,5550,1429.66,0.25759628810810814
0.4,55,3056,288,107,74,33,15840,5885,1336.62,0.22712280679694138
0.4,60,3056,281,105,72,33,16860,6300,1606.95,0.2550717498412698
0.4,65,3056,276,104,71,33,17940,6760,1811.32,0.26794734497041417
0.4,70,3056,270,103,70,33,18900,7210,2013.5,0.27926459833564493
0.4,75,3056,267,101,69,32,20025,7575,2124.29,0.28043403722772275
0.4,80,3056,264,98,66,32,21120,7840,2520.84,0.3215357403061225
0.4,85,3056,260,97,65,32,22100,8245,2775.96,0.3366836625833839
0.4,90,3056,258,97,65,32,23220,8730,2945.75,0.3374288733104239
0.4,95,3056,255,96,64,32,24225,9120,3220.06,0.35307638103070177
0.4,100,3056,252,95,63,32,25200,9500,3504.12,0.36885421357894743
0.4,105,3056,250,94,62,32,26250,9870,3798.04,0.384806606585613
0.4,110,3056,248,93,61,32,27280,10230,4100.95,0.4008745596285436
0.4,115,3056,245,92,60,32,28175,10580,4414.76,0.4172736542533082
0.4,120,3056,243,92,60,32,29160,11040,4623.55,0.41879948913043474
0.4,125,3056,243,92,60,32,30375,11500,4832.25,0.42019607113043483
0.4,130,3056,239,92,60,32,31070,11960,5039.64,0.4213743377926421
0.4,135,3056,237,91,59,32,31995,12285,5390.02,0.4387480324786325
0.4,140,3056,235,91,59,32,32900,12740,5625.41,0.44155505219780217
0.4,145,3056,234,91,59,32,33930,13195,5867.77,0.4446966376657827
0.4,150,3056,233,90,58,32,34950,13500,6261.52,0.4638161680740741
0.4,155,3056,232,89,58,31,35960,13795,6215.76,0.45058046625588993
0.4,160,3056,229,86,58,28,36640,13760,5578.07,0.4053827024709302
0.4,165,3056,228,86,58,28,37620,14190,5778.51,0.40722431092318523
0.4,170,3056,227,86,58,28,38590,14620,5975.37,0.408711886114911
0.4,175,3056,225,84,56,28,39375,14700,6525.73,0.4439269653061224
0.4,180,3056,224,83,56,27,40320,14940,6460.6,0.4324363783801874
0.4,185,3056,223,82,56,26,41255,15170,5307.64,0.34987714726433755
0.4,190,3056,222,82,56,26,42180,15580,5464.16,0.3507163129011553
0.4,195,3056,219,79,55,24,42705,15405,5198.52,0.33745665420318083
0.4,200,3056,218,78,54,24,43600,15600,5544.71,0.3554303021794871
0.4,205,3056,216,77,54,23,44280,15785,5329.23,0.3376134886917961
0.4,210,3056,215,76,54,22,45150,15960,5071.34,0.317753079385965
0.4,215,3056,213,75,53,22,45795,16125,5415.47,0.33584330238759696
0.4,220,3056,211,75,53,22,46420,16500,5548.51,0.3362732185454546
0.4,225,3056,210,74,52,22,47250,16650,5907.74,0.3548194195795796
0.4,230,3056,207,74,52,22,47610,17020,6046.38,0.35525160757931845
0.4,235,3056,207,74,52,22,48645,17390,6182.54,0.3555229649798735
0.4,240,3056,207,74,52,22,49680,17760,6319.57,0.3558317195382884
0.4,245,3056,206,74,52,22,50470,18130,6445.54,0.3555179967457253
0.4,250,3056,205,74,52,22,51250,18500,6545.99,0.35383709464864865
0.4,255,3056,205,74,52,22,52275,18870,6644.64,0.352127225172231
0.4,260,3056,204,74,52,22,53040,19240,6742.8,0.3504573852910603
0.4,265,3056,204,74,52,22,54060,19610,6842.02,0.34890452197858235
0.4,270,3056,204,74,52,22,55080,19980,6943.26,0.347510435035035
0.4,275,3056,200,72,51,21,55000,19800,5719.31,0.28885425580808083
0.4,280,3056,199,72,51,21,55720,20160,5815.17,0.2884509751488095
0.4,285,3056,199,72,51,21,56715,20520,5912.12,0.28811493221247564
0.4,290,3056,199,72,51,21,57710,20880,6009.03,0.28778901221264364
0.4,295,3056,199,72,51,21,58705,21240,6102.87,0.2873289768832391
0.4,300,3056,197,71,50,21,59100,21300,6497.84,0.30506283384976524
0.4,305,3056,196,71,50,21,59780,21655,6596.17,0.3046028569383513
0.4,310,3056,195,70,49,21,60450,21700,7003.85,0.32275814253456225
0.4,315,3056,194,70,49,21,61110,22050,7105.08,0.32222596752834465
0.4,320,3056,193,70,49,21,61760,22400,7205.39,0.32166934004464287
0.4,325,3056,193,70,49,21,62725,22750,7308.39,0.3212479845274725
0.4,330,3056,190,68,47,21,62700,22440,8072.24,0.3597256268716577
0.4,335,3056,189,68,47,21,63315,22780,8186.39,0.359367602546093
0.4,340,3056,188,68,47,21,63920,23120,8298.31,0.35892340449826987
0.4,345,3056,185,66,47,19,63825,22770,7076.93,0.3108006357048748
0.4,350,3056,185,66,47,19,64750,23100,7167.99,0.31030238692640694
0.4,355,3056,183,66,47,19,64965,23430,7258.43,0.3097923497225779
0.4,360,3056,183,66,47,19,65880,23760,7347.45,0.3092361835016835
0.4,365,3056,183,66,47,19,66795,24090,7437.19,0.3087250272727272
0.4,370,3056,183,66,47,19,67710,24420,7528.92,0.30830951928746936
0.4,375,3056,181,64,46,18,67875,24000,7235.4,0.30147480275000005
0.4,380,3056,179,64,46,18,68020,24320,7333.76,0.30155272018914475
0.4,385,3056,173,63,45,18,66605,24255,7812.76,0.3221092002473717
0.4,390,3056,173,63,45,18,67470,24570,7908.95,0.32189451937321945
0.4,395,3056,173,63,45,18,68335,24885,8003.14,0.321605051275869
0.4,400,3056,172,62,45,17,68800,24800,7479.2,0.30158053649193556
0.4,405,3056,170,60,43,17,68850,24300,8379.15,0.3448210748559672
0.4,410,3056,170,60,43,17,69700,24600,8477.38,0.3446089932520325
0.4,415,3056,169,60,43,17,70135,24900,8574.48,0.3443565939759036
0.4,420,3056,168,59,42,17,70560,24780,9090.36,0.36684259406779657
0.4,425,3056,167,59,42,17,70975,25075,9189.35,0.36647463445663014
0.4,430,3056,167,59,42,17,71810,25370,9288.86,0.36613551706740244
0.4,435,3056,165,59,42,17,71775,25665,9388.36,0.3658041957529709
0.4,440,3056,165,59,42,17,72600,25960,9487.04,0.36544831244221876
0.4,445,3056,163,59,42,17,72535,26255,9585.25,0.3650828262807084
0.4,450,3056,162,59,42,17,72900,26550,9683.13,0.36471286045197737
0.4,455,3056,161,58,41,17,73255,26390,10235.35,0.38784959928003027
0.4,460,3056,161,58,41,17,74060,26680,10336.49,0.38742470389805095
0.4,465,3056,161,58,41,17,74865,26970,10441.99,0.3871706532443455
0.4,470,3056,159,57,40,17,74730,26790,11015.8,0.41119072206047036
0.4,475,3056,159,57,40,17,75525,27075,11122.04,0.4107862209418282
0.4,480,3056,158,56,40,16,75840,26880,10190.59,0.37911438098958333
0.4,485,3056,156,55,39,16,75660,26675,10779.44,0.4041026605810684
0.4,490,3056,154,54,38,16,75460,26460,11378.77,0.43003652354497357
0.4,495,3056,154,54,38,16,76230,26730,11489.89,0.4298499018331463
0.4,500,3056,154,54,38,16,77000,27000,11600.79,0.42965880740740736
0.45,5,3056,484,153,96,57,2420,765,737.54,0.964109845751634
0.45,10,3056,448,147,94,53,4480,1470,1377.26,0.9369117625850341
0.45,15,3056,426,141,88,53,6390,2115,2152.62,1.0177872505910166
0.45,20,3056,405,138,86,52,8100,2760,2859.31,1.0359811318840582
0.45,25,3056,389,135,86,49,9725,3375,3345.59,0.9912866912592593
0.45,30,3056,377,133,86,47,11310,3990,3890.69,0.9751105696741855
0.45,35,3056,366,131,85,46,12810,4585,1086.93,0.2370617147219193
0.45,40,3056,361,128,82,46,14440,5120,1354.97,0.26464262226562496
0.45,45,3056,353,125,79,46,15885,5625,1657.3,0.29463036657777775
0.45,50,3056,343,124,78,46,17150,6200,1890.84,0.30497406338709676
0.45,55,3056,331,119,75,44,18205,6545,2051.45,0.31343818319327726
0.45,60,3056,323,116,74,42,19380,6960,2103.9,0.3022847232758621
0.45,65,3056,314,114,73,41,20410,7410,2287.68,0.308729101754386
0.45,70,3056,305,112,73,39,21350,7840,2297.83,0.29309110739795924
0.45,75,3056,302,111,73,38,22650,8325,2399.95,0.28828246522522527
0.45,80,3056,299,109,71,38,23920,8720,2744.86,0.3147776848623852
0.45,85,3056,290,106,69,37,24650,9010,2940.73,0.32638518967813546
0.45,90,3056,288,105,68,37,25920,9450,3212.53,0.33995013079365083
0.45,95,3056,288,105,68,37,27360,9975,3409.18,0.3417728036090226
0.45,100,3056,286,105,68,37,28600,10500,3605.66,0.343396007047619
0.45,105,3056,281,103,66,37,29505,10815,4011.93,0.3709601828016643
0.45,110,3056,279,103,66,37,30690,11330,4216.5,0.3721534000000001
0.45,115,3056,275,103,66,37,31625,11845,4423.73,0.3734677555086535
0.45,120,3056,273,103,66,37,32760,12360,4638.97,0.3753215210355986
0.45,125,3056,272,103,66,37,34000,12875,4852.52,0.37689498702912627
0.45,130,3056,268,103,66,37,34840,13390,5066.66,0.378391244137416
0.45,135,3056,265,102,65,37,35775,13770,5414.57,0.39321485359477115
0.45,140,3056,262,102,65,37,36680,14280,5638.75,0.3948703609243698
0.45,145,3056,261,102,65,37,37845,14790,5866.23,0.3966348524678838
0.45,150,3056,259,100,63,37,38850,15000,6404.2,0.42694695573333336
0.45,155,3056,257,99,63,36,39835,15345,6449.85,0.42032232434017597
0.45,160,3056,256,99,63,36,40960,15840,6686.39,0.4221205864267677
0.45,165,3056,256,99,63,36,42240,16335,6918.62,0.4235458093051729
0.45,170,3056,253,98,63,35,43010,16660,6870.37,0.4123870925570228
0.45,175,3056,249,94,61,33,43575,16450,6762.61,0.4111012133130699
0.45,180,3056,248,93,61,32,44640,16740,6702.68,0.4003988552568698
0.45,185,3056,246,92,61,31,45510,17020,5559.06,0.326619529788484
0.45,190,3056,244,92,61,31,46360,17480,5723.71,0.3274433364416475
0.45,195,3056,243,91,60,31,47385,17745,6084.16,0.3428660743871513
0.45,200,3056,241,89,59,30,48200,17800,6168.22,0.3465292866292135
0.45,205,3056,238,87,59,28,48790,17835,5686.31,0.31882870384076256
0.45,210,3056,236,85,58,27,49560,17850,5717.13,0.320287239439776
0.45,215,3056,234,85,58,27,50310,18275,5861.86,0.32075857329685376
0.45,220,3056,233,85,58,27,51260,18700,6005.14,0.32113036165775405
0.45,225,3056,232,84,57,27,52200,18900,6374.15,0.33725635365079365
0.45,230,3056,228,83,56,27,52440,19090,6752.0,0.35369286872708217
0.45,235,3056,228,83,56,27,53580,19505,6903.05,0.35391199759036146
0.45,240,3056,227,83,56,27,54480,19920,7052.68,0.35405030883534144
0.45,245,3056,225,83,56,27,55125,20335,7202.77,0.35420545345463483
0.45,250,3056,223,82,56,26,55750,20500,6899.05,0.3365389168780487
0.45,255,3056,223,82,56,26,56865,20910,7038.04,0.3365874072692492
0.45,260,3056,222,82,56,26,57720,21320,7152.67,0.3354910210600375
0.45,265,3056,222,82,56,26,58830,21730,7257.84,0.33400080437183616
0.45,270,3056,222,82,56,26,59940,22140,7364.22,0.3326204582655827
0.45,275,3056,219,81,55,26,60225,22275,7749.48,0.34790046244668904
0.45,280,3056,218,81,55,26,61040,22680,7864.2,0.34674623994708986
0.45,285,3056,217,80,55,25,61845,22800,7556.88,0.3314420257017544
0.45,290,3056,215,78,55,23,62350,22620,5610.02,0.24801140534924845
0.45,295,3056,215,78,55,23,63425,23010,5695.08,0.24750475975662753
0.45,300,3056,213,77,55,22,63900,23100,5332.01,0.2308227632034632
0.45,305,3056,212,77,55,22,64660,23485,5406.36,0.23020483589525226
0.45,310,3056,211,76,54,22,65410,23560,5793.73,0.24591376358234301
0.45,315,3056,210,76,54,22,66150,23940,5874.97,0.24540392869674182
0.45,320,3056,208,76,54,22,66560,24320,5956.32,0.24491448022203943
0.45,325,3056,207,76,54,22,67275,24700,6038.96,0.24449238761133602
0.45,330,3056,206,76,54,22,67980,25080,6120.08,0.2440223523524721
0.45,335,3056,205,76,54,22,68675,25460,6201.55,0.24358016480754124
0.45,340,3056,204,76,54,22,69360,25840,6280.81,0.24306536006191948
0.45,345,3056,202,75,54,21,69690,25875,5809.28,0.22451339107246374
0.45,350,3056,202,75,54,21,70700,26250,5875.49,0.22382817946666675
0.45,355,3056,199,73,52,21,70645,25915,6650.74,0.25663652776384327
0.45,360,3056,198,73,52,21,71280,26280,6724.36,0.255873519977169
0.45,365,3056,198,73,52,21,72270,26645,6798.51,0.25515125963595425
0.45,370,3056,197,72,52,20,72890,26640,6059.15,0.22744538701201192
0.45,375,3056,196,71,51,20,73500,26625,6511.52,0.24456403237558694
0.45,380,3056,195,71,51,20,74100,26980,6598.93,0.2445861436990363
0.45,385,3056,191,70,50,20,73535,26950,7067.89,0.2622594791465677
0.45,390,3056,191,70,50,20,74490,27300,7153.92,0.26204845926739917
0.45,395,3056,190,70,50,20,75050,27650,7237.3,0.26174691934900546
0.45,400,3056,190,70,50,20,76000,28000,7324.0,0.26157140885714286
0.45,405,3056,189,69,49,20,76545,27945,7815.92,0.27968942691000176
0.45,410,3056,189,69,49,20,77490,28290,7906.16,0.2794683892541534
0.45,415,3056,188,69,49,20,78020,28635,7995.14,0.2792086074035271
0.45,420,3056,187,69,49,20,78540,28980,8082.84,0.2789111056590752
0.45,425,3056,187,69,49,20,79475,29325,8168.96,0.2785662719522592
0.45,430,3056,186,68,49,19,79980,29240,7415.17,0.2535968974008208
0.45,435,3056,184,68,49,19,80040,29580,7492.33,0.2532904123732251
0.45,440,3056,184,68,49,19,80960,29920,7570.28,0.2530175293783422
0.45,445,3056,181,68,49,19,80545,30260,7647.09,0.2527127500660938
0.45,450,3056,180,68,49,19,81000,30600,7723.56,0.25240402960784314
0.45,455,3056,179,67,48,19,81445,30485,8254.74,0.27078032012465153
0.45,460,3056,179,67,48,19,82340,30820,8334.83,0.2704357076249189
0.45,465,3056,177,66,47,19,82305,30690,8884.21,0.28948226826327794
0.45,470,3056,175,65,46,19,82250,30550,9441.81,0.3090609486743044
0.45,475,3056,173,64,45,19,82175,30400,10006.2,0.32915144582236844
0.45,480,3056,173,64,45,19,83040,30720,10107.63,0.32902455078125004
0.45,485,3056,173,64,45,19,83905,31040,10209.85,0.32892556085695884
0.45,490,3056,171,62,44,18,83790,30380,9744.57,0.32075615190915074
0.45,495,3056,170,61,43,18,84150,30195,10335.02,0.3422758354032123
0.45,500,3056,170,61,43,18,85000,30500,10434.53,0.34211560314754097
0.5,5,3056,541,164,100,64,2705,820,711.8,0.8680441621951219
0.5,10,3056,500,156,96,60,5000,1560,1330.76,0.8530520698717948
0.5,15,3056,471,151,92,59,7065,2265,2038.63,0.9000576922737308
0.5,20,3056,452,150,91,59,9040,3000,2738.92,0.912973627
0.5,25,3056,437,147,91,56,10925,3675,3204.24,0.8719018228571429
0.5,30,3056,422,144,90,54,12660,4320,3776.26,0.8741333921296296
0.5,35,3056,414,142,89,53,14490,4970,967.7,0.1947091786720322
0.5,40,3056,407,140,88,52,16280,5600,1097.15,0.19592033803571424
0.5,45,3056,396,137,85,52,17820,6165,1372.59,0.22264289310624494
0.5,50,3056,384,136,84,52,19200,6800,1585.1,0.23310360661764695
0.5,55,3056,374,132,83,49,20570,7260,1573.93,0.21679506363636364
0.5,60,3056,365,130,82,48,21900,7800,1682.45,0.21569834
0.5,65,3056,357,129,81,48,23205,8385,1899.39,0.22652276982707223
0.5,70,3056,349,128,81,47,24430,8960,1974.65,0.22038553392857146
0.5,75,3056,348,128,81,47,26100,9600,2169.82,0.22602312677083333
0.5,80,3056,345,125,80,45,27600,10000,2246.22,0.22462210300000002
0.5,85,3056,340,123,78,45,28900,10455,2594.09,0.2481195662362506
0.5,90,3056,338,123,78,45,30420,11070,2752.76,0.24866841445347787
0.5,95,3056,336,122,78,44,31920,11590,2794.34,0.24109955349439174
0.5,100,3056,331,120,77,43,33100,12000,2950.46,0.24587148758333335
0.5,105,3056,329,120,77,43,34545,12600,3107.33,0.24661386404761915
0.5,110,3056,326,119,76,43,35860,13090,3376.59,0.25795206287242173
0.5,115,3056,322,119,76,43,37030,13685,3539.01,0.2586050657654367
0.5,120,3056,317,117,76,41,38040,14040,3450.25,0.24574443960113967
0.5,125,3056,314,114,74,40,39250,14250,3738.72,0.26236627621052633
0.5,130,3056,309,114,74,40,40170,14820,3930.36,0.2652064323886639
0.5,135,3056,308,113,73,40,41580,15255,4254.12,0.27886741507702395
0.5,140,3056,305,113,73,40,42700,15820,4454.16,0.2815525202907711
0.5,145,3056,301,113,73,40,43645,16385,4660.08,0.28441121702776934
0.5,150,3056,299,111,72,39,44850,16650,4843.09,0.29087597801801807
0.5,155,3056,298,111,72,39,46190,17205,5039.26,0.29289505277535605
0.5,160,3056,295,109,71,38,47200,17440,5193.25,0.2977781715022936
0.5,165,3056,295,109,71,38,48675,17985,5387.79,0.2995711729218793
0.5,170,3056,293,108,70,38,49810,18360,5752.58,0.31332137189542486
0.5,175,3056,289,105,68,37,50575,18375,6058.85,0.3297334596462585
0.5,180,3056,288,105,68,37,51840,18900,6270.92,0.33179459486772495
0.5,185,3056,287,105,68,37,53095,19425,6483.46,0.3337688032947232
0.5,190,3056,283,104,68,36,53770,19760,6309.57,0.31931026088056674
0.5,195,3056,281,102,67,35,54795,19890,6356.87,0.3196013205630969
0.5,200,3056,280,101,66,35,56000,20200,6749.79,0.33414788316831673
0.5,205,3056,274,99,66,33,56170,20295,6297.35,0.31029080059127856
0.5,210,3056,273,98,65,33,57330,20580,6684.33,0.32479734426627793
0.5,215,3056,272,97,65,32,58480,20855,6643.37,0.3185503798129944
0.5,220,3056,269,97,65,32,59180,21340,6817.49,0.31946995679475165
0.5,225,3056,269,97,65,32,60525,21825,6992.57,0.3203927271019473
0.5,230,3056,264,95,64,31,60720,21850,6005.66,0.2748585348741419
0.5,235,3056,262,94,63,31,61570,22090,6371.79,0.2884466551380715
0.5,240,3056,260,93,62,31,62400,22320,6747.24,0.30229565416666676
0.5,245,3056,258,93,62,31,63210,22785,6888.68,0.30233407531270573
0.5,250,3056,256,93,62,31,64000,23250,7031.36,0.30242398270967746
0.5,255,3056,255,92,61,31,65025,23460,7426.93,0.3165784623614663
0.5,260,3056,253,92,61,31,65780,23920,7572.86,0.31659093164715724
0.5,265,3056,253,92,61,31,67045,24380,7720.14,0.3166586575471699
0.5,270,3056,251,92,61,31,67770,24840,7840.23,0.31562941594202903
0.5,275,3056,248,91,60,31,68200,25025,8227.51,0.3287718267732267
0.5,280,3056,246,91,60,31,68880,25480,8342.4,0.3274096668367347
0.5,285,3056,244,90,60,30,69540,25650,8050.21,0.3138485105263158
0.5,290,3056,244,90,60,30,70760,26100,8156.68,0.3125163311494253
0.5,295,3056,243,89,60,29,71685,26255,7853.09,0.2991081873167016
0.5,300,3056,241,88,60,28,72300,26400,6317.79,0.23931038469696977
0.5,305,3056,240,88,60,28,73200,26840,6401.1,0.23849108010432185
0.5,310,3056,238,87,59,28,73780,26970,6794.12,0.25191396114200965
0.5,315,3056,236,87,59,28,74340,27405,6881.74,0.25111247527823394
0.5,320,3056,234,87,59,28,74880,27840,6970.21,0.2503666281609196
0.5,325,3056,234,87,59,28,76050,28275,7059.79,0.2496831809018568
0.5,330,3056,233,87,59,28,76890,28710,7149.99,0.24904171887843962
0.5,335,3056,232,86,59,27,77720,28810,6789.35,0.23565955820895512
0.5,340,3056,228,86,59,27,77520,29240,6873.05,0.23505649767441864
0.5,345,3056,226,85,59,26,77970,29325,6404.96,0.21841294410912193
0.5,350,3056,225,85,59,26,78750,29750,6473.35,0.21759150981512607
0.5,355,3056,223,84,59,25,79165,29820,5976.33,0.20041362290409115
0.5,360,3056,222,84,59,25,79920,30240,6034.31,0.19954734890873013
0.5,365,3056,222,84,59,25,81030,30660,6092.73,0.1987191040769732
0.5,370,3056,222,84,59,25,82140,31080,6152.83,0.1979673977155727
0.5,375,3056,221,84,59,25,82875,31500,6219.48,0.19744394057142858
0.5,380,3056,220,84,59,25,83600,31920,6290.51,0.1970711837719298
0.5,385,3056,215,83,58,25,82775,31955,6743.08,0.21101806468471287
0.5,390,3056,213,82,57,25,83070,31980,7202.72,0.2252258754221388
0.5,395,3056,213,82,57,25,84135,32390,7274.71,0.22459753445507874
0.5,400,3056,213,82,57,25,85200,32800,7349.97,0.22408433643292694
0.5,405,3056,213,82,57,25,86265,33210,7425.0,0.22357736163806083
0.5,410,3056,213,82,57,25,87330,33620,7498.28,0.22303038236168943
0.5,415,3056,212,82,57,25,87980,34030,7569.74,0.22244308471936525
0.5,420,3056,211,82,57,25,88620,34440,7638.53,0.2217923928281068
0.5,425,3056,210,82,57,25,89250,34850,7704.39,0.22107291084648495
0.5,430,3056,209,81,56,25,89870,34830,8199.95,0.23542767711742754
0.5,435,3056,207,81,56,25,90045,35235,8270.2,0.23471562250603095
0.5,440,3056,207,81,56,25,91080,35640,8339.36,0.2339886387485971
0.5,445,3056,206,81,56,25,91670,36045,8408.14,0.23326791532806207
0.5,450,3056,205,81,56,25,92250,36450,8476.04,0.23253876809327848
0.5,455,3056,204,80,55,25,92820,36400,8997.94,0.24719628574175823
0.5,460,3056,204,80,55,25,93840,36800,9068.77,0.24643389138586955
0.5,465,3056,204,80,55,25,94860,37200,9146.27,0.24586750362903229
0.5,470,3056,202,79,54,25,94940,37130,9693.18,0.26106060969566386
0.5,475,3056,200,77,52,25,95000,36575,10721.63,0.29314105730690354
0.5,480,3056,200,77,52,25,96000,36960,10817.1,0.2926703283820347
0.5,485,3056,199,77,52,25,96515,37345,10915.88,0.29229842875887
0.5,490,3056,198,76,52,24,97020,37240,9957.63,0.26739077333512357
0.5,495,3056,197,75,51,24,97515,37125,10540.01,0.28390589890909085
0.5,500,3056,196,74,50,24,98000,37000,11131.47,0.3008504210540541
0.55,5,3056,572,173,102,71,2860,865,684.74,0.7916026323699423
0.55,10,3056,529,162,97,65,5290,1620,1268.85,0.7832398148148149
0.55,15,3056,494,156,93,63,7410,2340,1937.73,0.8280915102564103
0.55,20,3056,478,155,92,63,9560,3100,2598.4,0.8381921006451611
0.55,25,3056,461,153,91,62,11525,3825,3219.38,0.8416681524183005
0.55,30,3056,447,151,90,61,13410,4530,3831.67,0.8458437172185431
0.55,35,3056,440,149,89,60,15400,5215,1037.51,0.198946824928092
0.55,40,3056,431,146,88,58,17240,5840,1133.03,0.19401164263698625
0.55,45,3056,423,143,85,58,19035,6435,1412.35,0.21947875167055175
0.55,50,3056,413,142,84,58,20650,7100,1622.79,0.2285625702816901
0.55,55,3056,401,138,83,55,22055,7590,1597.86,0.21052110619235842
0.55,60,3056,395,137,82,55,23700,8220,1809.4,0.22012174160583947
0.55,65,3056,390,136,81,55,25350,8840,2013.72,0.2277960406108598
0.55,70,3056,382,135,81,54,26740,9450,2066.25,0.2186503433862434
0.55,75,3056,380,135,81,54,28500,10125,2223.39,0.21959445214814807
0.55,80,3056,378,134,80,54,30240,10720,2468.79,0.23029800820895527
0.55,85,3056,372,133,79,54,31620,11305,2716.95,0.24033214860681115
0.55,90,3056,369,133,79,54,33210,11970,2882.61,0.24081931319966574
0.55,95,3056,367,132,79,53,34865,12540,2933.0,0.2338913447368421
0.55,100,3056,365,130,78,52,36500,13000,3099.95,0.2384578643846154
0.55,105,3056,363,130,78,52,38115,13650,3268.89,0.23947885934065952
0.55,110,3056,359,130,78,52,39490,14300,3437.58,0.24039045342657347
0.55,115,3056,356,130,78,52,40940,14950,3636.1,0.24321759612040142
0.55,120,3056,354,130,78,52,42480,15600,3848.35,0.24668935288461533
0.55,125,3056,353,130,78,52,44125,16250,4073.98,0.2507066148923077
0.55,130,3056,345,127,77,50,44850,16510,4175.67,0.2529173983040581
0.55,135,3056,341,124,76,48,46035,16740,4192.36,0.2504396861409796
0.55,140,3056,337,124,76,48,47180,17360,4391.05,0.25294073865207367
0.55,145,3056,335,124,76,48,48575,17980,4595.59,0.25559457964404897
0.55,150,3056,333,123,75,48,49950,18450,4978.05,0.2698131801626016
0.55,155,3056,332,123,75,48,51460,19065,5227.53,0.27419512745869395
0.55,160,3056,330,123,75,48,52800,19680,5461.7,0.2775252631605691
0.55,165,3056,329,123,75,48,54285,20295,5686.96,0.28021460137965004
0.55,170,3056,327,122,75,47,55590,20740,5652.76,0.2725533831726134
0.55,175,3056,322,119,73,46,56350,20825,5950.05,0.2857165531332533
0.55,180,3056,322,119,73,46,57960,21420,6149.97,0.2871135793650795
0.55,185,3056,320,118,73,45,59200,21830,6178.23,0.28301554896930825
0.55,190,3056,318,118,73,45,60420,22420,6368.76,0.2840661337644959
0.55,195,3056,317,117,72,45,61815,22815,6751.9,0.2959411222441376
0.55,200,3056,315,116,71,45,63000,23200,7153.31,0.3083323707327586
0.55,205,3056,311,114,71,43,63755,23370,6711.91,0.2872019535729567
0.55,210,3056,309,114,71,43,64890,23940,6905.55,0.28845220100250635
0.55,215,3056,306,114,71,43,65790,24510,7104.24,0.28985087111383123
0.55,220,3056,304,114,71,43,66880,25080,7303.75,0.2912182172248805
0.55,225,3056,304,114,71,43,68400,25650,7504.31,0.292565795477583
0.55,230,3056,299,112,70,42,68770,25760,7688.05,0.29844902985248445
0.55,235,3056,299,112,70,42,70265,26320,7886.96,0.2996564444528875
0.55,240,3056,299,112,70,42,71760,26880,8083.96,0.3007425264508929
0.55,245,3056,294,109,68,41,72030,26705,8548.36,0.3201032620857517
0.55,250,3056,292,109,68,41,73000,27250,8749.05,0.3210659393761468
0.55,255,3056,289,107,67,40,73695,27285,7792.36,0.28559134165292294
0.55,260,3056,288,107,67,40,74880,27820,7952.97,0.28587252235801586
0.55,265,3056,288,107,67,40,76320,28355,8116.04,0.2862294707811674
0.55,270,3056,288,107,67,40,77760,28890,8279.19,0.2865764550709588
0.55,275,3056,285,107,67,40,78375,29425,8440.35,0.2868429476295667
0.55,280,3056,281,107,67,40,78680,29960,8598.59,0.2870024216288383
0.55,285,3056,280,107,67,40,79800,30495,8753.18,0.28703664610591895
0.55,290,3056,279,106,67,39,80910,30740,8620.29,0.2804259084905659
0.55,295,3056,276,104,66,38,81420,30680,8651.61,0.2819951560625815
0.55,300,3056,274,104,66,38,82200,31200,8793.17,0.2818324361538461
0.55,305,3056,273,104,66,38,83265,31720,8932.77,0.28161317657629253
0.55,310,3056,272,103,65,38,84320,31930,9368.69,0.2934133944253054
0.55,315,3056,270,102,64,38,85050,32130,9793.08,0.30479549458450045
0.55,320,3056,269,102,64,38,86080,32640,9908.36,0.3035650405637255
0.55,325,3056,268,102,64,38,87100,33150,10025.87,0.3024393966817496
0.55,330,3056,265,100,62,38,87450,33000,10800.84,0.32729809248484854
0.55,335,3056,264,99,62,37,88440,33165,10632.23,0.32058578570782453
0.55,340,3056,261,98,62,36,88740,33320,9096.42,0.27300172058823535
0.55,345,3056,259,96,62,34,89355,33120,8137.86,0.24570824927536233
0.55,350,3056,256,96,62,34,89600,33600,8227.78,0.24487431872023807
0.55,355,3056,253,94,61,33,89815,33370,8331.41,0.24966760074917588
0.55,360,3056,253,94,61,33,91080,33840,8420.19,0.24882366300236403
0.55,365,3056,251,93,61,32,91615,33945,8124.44,0.23934116102518785
0.55,370,3056,249,92,61,31,92130,34040,7730.99,0.22711482764394836
0.55,375,3056,246,91,61,30,92250,34125,7430.11,0.217732212981685
0.55,380,3056,245,91,61,30,93100,34580,7511.59,0.21722352773279355
0.55,385,3056,241,90,60,30,92785,34650,7975.14,0.23016269800865805
0.55,390,3056,239,89,59,30,93210,34710,8446.21,0.24333640155574762
0.55,395,3056,239,89,59,30,94405,35155,8528.91,0.24260871668325984
0.55,400,3056,238,88,59,29,95200,35200,8008.83,0.22752365144886363
0.55,405,3056,238,88,59,29,96390,35640,8090.48,0.22700551798540966
0.55,410,3056,238,88,59,29,97580,36080,8170.36,0.22645122292128606
0.55,415,3056,237,88,59,29,98355,36520,8248.42,0.2258604332968237
0.55,420,3056,236,88,59,29,99120,36960,8324.47,0.22522926953463204
0.55,425,3056,235,88,59,29,99875,37400,8399.3,0.22458009636363638
0.55,430,3056,234,87,58,29,100620,37410,8899.75,0.23789758933440255
0.55,435,3056,232,87,58,29,100920,37845,8974.77,0.23714558721099224
0.55,440,3056,231,87,58,29,101640,38280,9048.15,0.23636752387669802
0.55,445,3056,230,87,58,29,102350,38715,9120.59,0.23558276954668736
0.55,450,3056,229,87,58,29,103050,39150,9192.28,0.2347963311111111
0.55,455,3056,228,86,57,29,103740,39130,9718.51,0.24836471627906972
0.55,460,3056,227,85,56,29,104420,39100,10253.2,0.26223023122762146
0.55,465,3056,225,85,56,29,104625,39525,10335.1,0.2614824848829854
0.55,470,3056,223,84,55,29,104810,39480,10891.51,0.2758740878926038
0.55,475,3056,223,84,55,29,105925,39900,10979.71,0.2751807825814536
0.55,480,3056,221,82,55,27,106080,39360,10035.08,0.2549562659298781
0.55,485,3056,219,81,54,27,106215,39285,10606.95,0.26999999096347205
0.55,490,3056,218,80,54,26,106820,39200,9644.25,0.24602685698979593
0.55,495,3056,217,79,53,26,107415,39105,10225.54,0.26148922529088353
0.55,500,3056,216,78,52,26,108000,39000,10815.0,0.27730772325641023
0.6,5,3056,617,190,102,88,3085,950,686.55,0.7226814273684211
0.6,10,3056,573,177,97,80,5730,1770,1285.1,0.7260445983050848
0.6,15,3056,541,171,93,78,8115,2565,1973.51,0.7693998846003897
0.6,20,3056,523,167,92,75,10460,3340,2613.02,0.7823415347305387
0.6,25,3056,505,164,91,73,12625,4100,3224.31,0.78641717902439
0.6,30,3056,488,162,90,72,14640,4860,3839.2,0.7899594353909467
0.6,35,3056,478,159,89,70,16730,5565,1029.05,0.1849141884995508
0.6,40,3056,468,155,88,67,18720,6200,1103.38,0.17796500983870972
0.6,45,3056,461,153,86,67,20745,6885,1338.91,0.1944681080610022
0.6,50,3056,448,152,85,67,22400,7600,1552.79,0.2043151201315789
0.6,55,3056,440,150,84,66,24200,8250,1707.14,0.2069265895757576
0.6,60,3056,431,147,83,64,25860,8820,1748.4,0.19823097086167793
0.6,65,3056,424,145,82,63,27560,9425,1914.68,0.20314894344827591
0.6,70,3056,416,144,82,62,29120,10080,1970.72,0.1955084146825397
0.6,75,3056,413,144,82,62,30975,10800,2121.13,0.19640080583333333
0.6,80,3056,408,143,81,62,32640,11440,2346.51,0.20511434073426574
0.6,85,3056,402,142,80,62,34170,12070,2571.71,0.2130664614747307
0.6,90,3056,400,142,80,62,36000,12780,2714.29,0.2123860294992175
0.6,95,3056,399,142,80,62,37905,13490,2865.24,0.21239754899925864
0.6,100,3056,398,141,79,62,39800,14100,3113.33,0.22080363617021279
0.6,105,3056,397,141,79,62,41685,14805,3263.22,0.22041305471124625
0.6,110,3056,392,140,79,61,43120,15400,3338.41,0.21677955357142867
0.6,115,3056,385,138,79,59,44275,15870,3284.69,0.2069747411468178
0.6,120,3056,383,138,79,59,45960,16560,3426.75,0.20692946612318852
0.6,125,3056,381,138,79,59,47625,17250,3575.14,0.20725463571014494
0.6,130,3056,376,138,79,59,48880,17940,3726.03,0.20769395039018948
0.6,135,3056,370,135,78,57,49950,18225,3707.21,0.20341325854595338
0.6,140,3056,366,135,78,57,51240,18900,3857.81,0.20411693269841263
0.6,145,3056,364,135,78,57,52780,19575,4013.7,0.2050419708301405
0.6,150,3056,363,135,78,57,54450,20250,4164.23,0.20564090330864201
0.6,155,3056,361,134,77,57,55955,20770,4469.69,0.21519910515166107
0.6,160,3056,359,134,77,57,57440,21440,4614.36,0.21522195699626867
0.6,165,3056,357,132,77,55,58905,21780,4480.0,0.20569315284664835
0.6,170,3056,355,132,77,55,60350,22440,4604.2,0.20517830686274507
0.6,175,3056,352,129,75,54,61600,22575,4832.66,0.21407132261351047
0.6,180,3056,352,129,75,54,63360,23220,4965.17,0.21383144599483195
0.6,185,3056,349,128,74,54,64565,23680,5279.98,0.22297217086148644
0.6,190,3056,346,128,74,54,65740,24320,5411.36,0.22250649115953955
0.6,195,3056,346,128,74,54,67470,24960,5545.35,0.22216960380608977
0.6,200,3056,344,127,73,54,68800,25400,5878.14,0.23142285358267733
0.6,205,3056,338,124,73,51,69290,25420,5218.99,0.20531026282454756
0.6,210,3056,337,124,73,51,70770,26040,5339.65,0.20505578164362523
0.6,215,3056,336,124,73,51,72240,26660,5458.47,0.20474377824456116
0.6,220,3056,333,124,73,51,73260,27280,5577.77,0.20446370949413495
0.6,225,3056,333,124,73,51,74925,27900,5698.5,0.20424747440860205
0.6,230,3056,326,122,72,50,74980,28060,5801.41,0.20675023987883118
0.6,235,3056,325,122,72,50,76375,28670,5919.93,0.20648531691663755
0.6,240,3056,325,122,72,50,78000,29280,6040.47,0.20630005587431688
0.6,245,3056,323,121,71,50,79135,29645,6409.46,0.21620717129364156
0.6,250,3056,321,121,71,50,80250,30250,6539.29,0.21617474773553708
0.6,255,3056,319,120,70,50,81345,30600,6925.56,0.22632562042483662
0.6,260,3056,317,120,70,50,82420,31200,7067.52,0.2265231268269231
0.6,265,3056,317,120,70,50,84005,31800,7207.55,0.22665244427672965
0.6,270,3056,316,120,70,50,85320,32400,7348.28,0.22679867422839503
0.6,275,3056,313,119,70,49,86075,32725,7295.35,0.22292896577540106
0.6,280,3056,310,119,70,49,86800,33320,7427.32,0.2229088771608643
0.6,285,3056,308,118,70,48,87780,33630,7294.15,0.21689420475765683
0.6,290,3056,307,118,70,48,89030,34220,7419.57,0.21681961239041495
0.6,295,3056,307,118,70,48,90565,34810,7543.64,0.21670898580867562
0.6,300,3056,305,118,70,48,91500,35400,7662.89,0.216465890338983
0.6,305,3056,302,117,69,48,92110,35685,8081.57,0.22646957570407733
0.6,310,3056,301,116,68,48,93310,35960,8508.58,0.23661236092880988
0.6,315,3056,300,116,68,48,94500,36540,8636.04,0.23634491863711
0.6,320,3056,299,116,68,48,95680,37120,8757.42,0.23592177324892247
0.6,325,3056,298,115,68,47,96850,37375,8452.46,0.2261528615384616
0.6,330,3056,294,113,66,47,97020,37290,9234.18,0.24763141324751944
0.6,335,3056,294,113,66,47,98490,37855,9368.69,0.24748881938977674
0.6,340,3056,293,113,66,47,99620,38420,9501.51,0.24730631957313892
0.6,345,3056,292,112,66,46,100740,38640,9081.33,0.23502413716356108
0.6,350,3056,290,112,66,46,101500,39200,9197.88,0.23463968594387757
0.6,355,3056,288,112,66,46,102240,39760,9312.53,0.23421861338028166
0.6,360,3056,287,112,66,46,103320,40320,9423.07,0.23370719801587306
0.6,365,3056,287,112,66,46,104755,40880,9534.69,0.23323604219667327
0.6,370,3056,286,112,66,46,105820,41440,9658.22,0.23306505808397696
0.6,375,3056,284,111,66,45,106500,41625,9483.66,0.2278356257537538
0.6,380,3056,282,110,66,44,107160,41800,9161.65,0.219178214569378
0.6,385,3056,277,109,65,44,106645,41965,9704.24,0.23124593921124748
0.6,390,3056,275,109,65,44,107250,42510,9841.86,0.23151868960244645
0.6,395,3056,274,108,64,44,108230,42660,10367.27,0.24302094592123769
0.6,400,3056,273,107,64,43,109200,42800,9896.73,0.23123191210280367
0.6,405,3056,269,106,64,42,108945,42930,9729.09,0.22662691283484743
0.6,410,3056,268,105,63,42,109880,43050,10262.8,0.23839267298490124
0.6,415,3056,267,105,63,42,110805,43575,10389.03,0.23841729326448655
0.6,420,3056,265,105,63,42,111300,44100,10512.22,0.23837241523809524
0.6,425,3056,265,105,63,42,112625,44625,10634.18,0.23830105951820732
0.6,430,3056,264,105,63,42,113520,45150,10752.82,0.23815767982281286
0.6,435,3056,261,105,63,42,113535,45675,10870.79,0.2380030514504653
0.6,440,3056,258,104,63,41,113520,45760,10552.64,0.23060848385052446
0.6,445,3056,256,103,63,40,113920,45835,10236.18,0.22332667627359004
0.6,450,3056,255,103,63,40,114750,46350,10342.89,0.2231475924919094
0.6,455,3056,254,102,62,40,115570,46410,10901.48,0.23489496403792282
0.6,460,3056,254,102,62,40,116840,46920,11024.79,0.23496984324381928
0.6,465,3056,254,102,62,40,118110,47430,11150.47,0.23509321998734972
0.6,470,3056,250,99,61,38,117500,46530,10999.97,0.23640594379969906
0.6,475,3056,249,99,61,38,118275,47025,11133.45,0.23675592697501324
0.6,480,3056,248,98,60,38,119040,47040,11750.15,0.24979053339710877
0.6,485,3056,246,97,59,38,119310,47045,12379.56,0.2631429524285258
0.6,490,3056,244,95,59,36,119560,46550,10847.57,0.2330305127389904
0.6,495,3056,243,94,58,36,120285,46530,11481.0,0.24674414154309043
0.6,500,3056,243,94,58,36,121500,47000,11624.45,0.24732879851063827
0.65,5,3056,669,204,102,102,3345,1020,696.95,0.6832871137254903
0.65,10,3056,628,192,97,95,6280,1920,1329.88,0.6926475244791668
0.65,15,3056,595,186,93,93,8925,2790,2043.67,0.7324999304659495
0.65,20,3056,573,179,92,87,11460,3580,2679.07,0.7483429189944134
0.65,25,3056,553,176,91,85,13825,4400,3322.68,0.7551538647727271
0.65,30,3056,534,172,90,82,16020,5160,3902.1,0.7562208298449615
0.65,35,3056,525,169,89,80,18375,5915,1092.57,0.1847122556213018
0.65,40,3056,514,165,88,77,20560,6600,1205.99,0.18272519954545452
0.65,45,3056,505,163,86,77,22725,7335,1465.05,0.19973427675528282
0.65,50,3056,489,160,85,75,24450,8000,1623.98,0.20299801937499995
0.65,55,3056,478,157,84,73,26290,8635,1767.17,0.20465236502605672
0.65,60,3056,471,155,83,72,28260,9300,1939.25,0.20852175827956987
0.65,65,3056,463,153,82,71,30095,9945,2119.54,0.21312618632478636
0.65,70,3056,453,151,82,69,31710,10570,2142.44,0.20269074683065283
0.65,75,3056,449,151,82,69,33675,11325,2302.06,0.20327273545253863
0.65,80,3056,445,151,82,69,35600,12080,2454.75,0.2032080034768213
0.65,85,3056,438,150,81,69,37230,12750,2678.75,0.21009782117647052
0.65,90,3056,433,150,81,69,38970,13500,2822.69,0.20908841488888896
0.65,95,3056,431,149,81,68,40945,14155,2927.29,0.20680269975273743
0.65,100,3056,430,149,81,68,43000,14900,3077.04,0.20651276644295305
0.65,105,3056,429,149,81,68,45045,15645,3221.55,0.20591549204218612
0.65,110,3056,424,149,81,68,46640,16390,3363.43,0.20521250915192188
0.65,115,3056,418,148,81,67,48070,17020,3347.32,0.19666988419506465
0.65,120,3056,415,147,81,66,49800,17640,3403.35,0.19293374138322003
0.65,125,3056,413,147,81,66,51625,18375,3550.26,0.19321162590476185
0.65,130,3056,406,146,80,66,52780,18980,3837.13,0.20216699120126447
0.65,135,3056,400,144,79,65,54000,19440,4015.16,0.20654109367283946
0.65,140,3056,395,143,79,64,55300,20020,4099.43,0.20476683551448557
0.65,145,3056,392,142,79,63,56840,20590,4132.47,0.2007027691112191
0.65,150,3056,391,142,79,63,58650,21300,4286.53,0.20124573356807515
0.65,155,3056,388,141,78,63,60140,21855,4591.93,0.2101091268359643
0.65,160,3056,385,141,78,63,61600,22560,4737.88,0.21001255443262407
0.65,165,3056,384,140,78,62,63360,23100,4717.43,0.20421768095238088
0.65,170,3056,382,140,78,62,64940,23800,4845.08,0.20357497495798324
0.65,175,3056,379,137,77,60,66325,23975,4833.98,0.20162600379562037
0.65,180,3056,379,137,77,60,68220,24660,4964.33,0.20131086914030813
0.65,185,3056,377,137,77,60,69745,25345,5091.45,0.2008858913789702
0.65,190,3056,375,137,77,60,71250,26030,5216.26,0.20039420683826356
0.65,195,3056,374,137,77,60,72930,26715,5342.84,0.19999411510387424
0.65,200,3056,371,136,76,60,74200,27200,5666.97,0.20834462518382366
0.65,205,3056,366,134,76,58,75030,27470,5154.06,0.18762503050600657
0.65,210,3056,366,134,76,58,76860,28140,5269.67,0.1872660689410092
0.65,215,3056,363,133,75,58,78045,28595,5600.05,0.19584004735093546
0.65,220,3056,359,133,75,58,78980,29260,5721.45,0.19553827177033495
0.65,225,3056,358,132,74,58,80550,29700,6069.45,0.20435850646464643
0.65,230,3056,350,131,73,58,80500,30130,6427.74,0.21333359930302026
0.65,235,3056,349,131,73,58,82015,30785,6558.53,0.21304314870878674
0.65,240,3056,348,131,73,58,83520,31440,6691.63,0.21283811577608142
0.65,245,3056,347,130,73,57,85015,31850,6569.33,0.2062583749450549
0.65,250,3056,345,130,73,57,86250,32500,6698.95,0.20612145101538448
0.65,255,3056,345,130,73,57,87975,33150,6828.97,0.2060022194871795
0.65,260,3056,343,130,73,57,89180,33800,6959.33,0.2058972369822485
0.65,265,3056,342,130,73,57,90630,34450,7086.82,0.20571315494920175
0.65,270,3056,342,130,73,57,92340,35100,7213.78,0.2055208115384614
0.65,275,3056,339,130,73,57,93225,35750,7339.74,0.2053073100699301
0.65,280,3056,336,130,73,57,94080,36400,7462.54,0.20501481079670325
0.65,285,3056,334,130,73,57,95190,37050,7582.54,0.20465705735492573
0.65,290,3056,333,129,73,56,96570,37410,7434.1,0.19871956776263033
0.65,295,3056,331,128,73,55,97645,37760,7346.04,0.19454551718749996
0.65,300,3056,330,128,73,55,99000,38400,7453.95,0.1941131870052084
0.65,305,3056,328,127,72,55,100040,38735,7861.69,0.20296094816057833
0.65,310,3056,328,127,72,55,101680,39370,7968.78,0.2024075019304039
0.65,315,3056,326,126,71,55,102690,39690,8396.0,0.2115394885361552
0.65,320,3056,325,126,71,55,104000,40320,8509.49,0.2110488999007936
0.65,325,3056,324,126,71,55,105300,40950,8625.52,0.21063547975579977
0.65,330,3056,321,125,70,55,105930,41250,9072.02,0.21992787643636366
0.65,335,3056,321,125,70,55,107535,41875,9193.34,0.21954241525970145
0.65,340,3056,320,125,70,55,108800,42500,9313.58,0.21914309498823528
0.65,345,3056,319,124,70,54,110055,42780,8880.07,0.20757536103319307
0.65,350,3056,318,124,70,54,111300,43400,8982.56,0.206971363732719
0.65,355,3056,317,124,70,54,112535,44020,9082.93,0.20633638314402547
0.65,360,3056,316,124,70,54,113760,44640,9179.25,0.20562841805555562
0.65,365,3056,315,124,70,54,114975,45260,9275.39,0.20493561725585516
0.65,370,3056,315,124,70,54,116550,45880,9372.22,0.20427682774629477
0.65,375,3056,313,123,70,53,117375,46125,9146.19,0.19829142122493226
0.65,380,3056,311,123,70,53,118180,46740,9253.57,0.19797960626872052
0.65,385,3056,306,122,69,53,117810,46970,9742.61,0.20742196802214188
0.65,390,3056,305,122,69,53,118950,47580,9853.95,0.2071027158049601
0.65,395,3056,303,120,68,52,119685,47400,9972.39,0.21038793850210966
0.65,400,3056,301,119,68,51,120400,47600,9479.23,0.1991434790966387
0.65,405,3056,299,119,68,51,121095,48195,9587.59,0.1989332399419026
0.65,410,3056,299,119,68,51,122590,48790,9695.43,0.19871756220536996
0.65,415,3056,298,119,68,51,123670,49385,9801.29,0.198466946400729
0.65,420,3056,294,118,68,50,123480,49560,9637.35,0.19445829987893462
0.65,425,3056,294,118,68,50,124950,50150,9744.71,0.19431132209371893
0.65,430,3056,291,117,68,49,125130,50310,9361.54,0.18607705748360168
0.65,435,3056,288,117,68,49,125280,50895,9461.69,0.18590613594655664
0.65,440,3056,286,117,68,49,125840,51480,9557.52,0.18565503945221437
0.65,445,3056,284,116,68,48,126380,51620,9132.62,0.1769202048430841
0.65,450,3056,283,116,68,48,127350,52200,9223.08,0.17668730819923376
0.65,455,3056,282,115,67,48,128310,52325,9767.6,0.1866717758241758
0.65,460,3056,282,115,67,48,129720,52900,9858.43,0.18635965967863902
0.65,465,3056,281,115,67,48,130665,53475,9948.11,0.18603285488546054
0.65,470,3056,279,114,66,48,131130,53580,10507.97,0.19611733350130642
0.65,475,3056,279,114,66,48,132525,54150,10598.2,0.19571926570637113
0.65,480,3056,279,114,66,48,133920,54720,10688.49,0.19533066580774852
0.65,485,3056,278,114,66,48,134830,55290,10788.79,0.19513097531199136
0.65,490,3056,276,114,66,48,135240,55860,10884.16,0.19484711643394198
0.65,495,3056,274,112,65,47,135630,55440,10418.38,0.18792165808080818
0.65,500,3056,274,112,65,47,137000,56000,10514.28,0.18775502894642854
0.7,5,3056,716,214,103,111,3580,1070,670.32,0.6264670691588785
0.7,10,3056,673,201,99,102,6730,2010,1276.28,0.6349637592039802
0.7,15,3056,637,194,95,99,9555,2910,1961.39,0.6740171103092782
0.7,20,3056,618,191,94,97,12360,3820,2618.66,0.6855126437172774
0.7,25,3056,603,190,94,96,15075,4750,3229.2,0.6798314757894734
0.7,30,3056,585,188,92,96,17550,5640,3946.79,0.6997859491134752
0.7,35,3056,574,185,91,94,20090,6475,1150.55,0.17769148787644792
0.7,40,3056,564,182,90,92,22560,7280,1307.35,0.179581579532967
0.7,45,3056,551,177,88,89,24795,7965,1483.7,0.18627789717514118
0.7,50,3056,534,173,87,86,26700,8650,1600.56,0.18503531526011566
0.7,55,3056,525,170,85,85,28875,9350,1818.76,0.1945201583957218
0.7,60,3056,515,167,84,83,30900,10020,1974.23,0.19702883193612777
0.7,65,3056,508,166,83,83,33020,10790,2221.51,0.20588601788693237
0.7,70,3056,498,164,83,81,34860,11480,2281.12,0.19870383702090594
0.7,75,3056,490,162,82,80,36750,12150,2496.79,0.20549691687242794
0.7,80,3056,485,162,82,80,38800,12960,2682.31,0.2069686226851852
0.7,85,3056,478,160,81,79,40630,13600,2865.7,0.21071345970588232
0.7,90,3056,477,160,81,79,42930,14400,3029.18,0.21036003895833327
0.7,95,3056,477,160,81,79,45315,15200,3199.11,0.2104678436184211
0.7,100,3056,474,160,81,79,47400,16000,3367.19,0.21044952681249998
0.7,105,3056,471,160,81,79,49455,16800,3533.59,0.21033272375000006
0.7,110,3056,464,160,81,79,51040,17600,3697.96,0.21011149573863633
0.7,115,3056,461,160,81,79,53015,18400,3849.85,0.20923103902173917
0.7,120,3056,456,160,81,79,54720,19200,4007.39,0.2087183223958334
0.7,125,3056,454,160,81,79,56750,20000,4169.21,0.20846041215
0.7,130,3056,448,159,81,78,58240,20670,4265.74,0.20637332268988873
0.7,135,3056,440,158,80,78,59400,21330,4560.95,0.21382787144866383
0.7,140,3056,437,158,80,78,61180,22120,4730.88,0.21387360370705238
0.7,145,3056,431,155,79,76,62495,22475,4799.55,0.21355056965517252
0.7,150,3056,431,155,79,76,64650,23250,4970.36,0.2137790201290323
0.7,155,3056,429,154,78,76,66495,23870,5308.58,0.22239527842480108
0.7,160,3056,426,154,78,76,68160,24640,5482.36,0.2224981838474025
0.7,165,3056,422,151,78,73,69630,24915,5226.3,0.209765279590608
0.7,170,3056,420,151,78,73,71400,25670,5373.03,0.20931172345149993
0.7,175,3056,418,149,77,72,73150,26075,5586.12,0.21423266726749754
0.7,180,3056,416,149,77,72,74880,26820,5735.37,0.21384675078299775
0.7,185,3056,411,146,77,69,76035,27010,5493.75,0.20339687112180663
0.7,190,3056,408,146,77,69,77520,27740,5630.22,0.20296405219899072
0.7,195,3056,406,145,77,68,79170,28275,5671.52,0.2005840927320954
0.7,200,3056,406,145,77,68,81200,29000,5805.27,0.2001816985517242
0.7,205,3056,399,141,77,64,81795,28905,5112.68,0.17687859906590556
0.7,210,3056,398,141,77,64,83580,29610,5230.19,0.1766360559270517
0.7,215,3056,398,141,77,64,85570,30315,5347.08,0.17638403691241963
0.7,220,3056,392,140,77,63,86240,30800,5329.52,0.17303643292207796
0.7,225,3056,392,140,77,63,88200,31500,5446.3,0.17289828530158732
0.7,230,3056,384,139,76,63,88320,31970,5792.87,0.18119698895839856
0.7,235,3056,381,139,76,63,89535,32665,5912.39,0.181000868636155
0.7,240,3056,381,139,76,63,91440,33360,6034.95,0.18090389739208634
0.7,245,3056,381,139,76,63,93345,34055,6159.78,0.18087743309352522
0.7,250,3056,379,139,76,63,94750,34750,6284.28,0.18084267660431655
0.7,255,3056,379,139,76,63,96645,35445,6409.9,0.18084078016645502
0.7,260,3056,377,138,76,62,98020,35880,6270.12,0.17475248297101453
0.7,265,3056,376,138,76,62,99640,36570,6388.75,0.17469907046759636
0.7,270,3056,376,138,76,62,101520,37260,6507.1,0.17464049393451417
0.7,275,3056,372,138,76,62,102300,37950,6625.39,0.1745819612911726
0.7,280,3056,370,138,76,62,103600,38640,6738.88,0.1744016793219461
0.7,285,3056,369,138,76,62,105165,39330,6850.49,0.17417978357487918
0.7,290,3056,366,137,76,61,106140,39730,6693.41,0.16847248192801415
0.7,295,3056,364,136,76,60,107380,40120,6594.76,0.16437593297607178
0.7,300,3056,363,136,76,60,108900,40800,6691.84,0.1640157586029412
0.7,305,3056,362,136,76,60,110410,41480,6785.7,0.16358979117647057
0.7,310,3056,362,136,76,60,112220,42160,6879.47,0.1631752902751423
0.7,315,3056,358,135,75,60,112770,42525,7286.7,0.17135101683715454
0.7,320,3056,356,135,75,60,113920,43200,7390.44,0.17107497437499988
0.7,325,3056,353,133,75,58,114725,43225,7154.24,0.16551172805089642
0.7,330,3056,351,132,74,58,115830,43560,7583.15,0.17408506634527088
0.7,335,3056,350,132,74,58,117250,44220,7686.31,0.1738197573722297
0.7,340,3056,348,132,74,58,118320,44880,7788.16,0.1735330206773618
0.7,345,3056,346,131,74,57,119370,45195,7337.57,0.1623536598517535
0.7,350,3056,345,131,74,57,120750,45850,7419.8,0.16182765997818976
0.7,355,3056,343,131,74,57,121765,46505,7499.6,0.16126442793248047
0.7,360,3056,341,131,74,57,122760,47160,7575.4,0.16063193036471587
0.7,365,3056,340,131,74,57,124100,47815,7653.84,0.16007196034717142
0.7,370,3056,339,131,74,57,125430,48470,7734.42,0.15957126952754289
0.7,375,3056,335,130,74,56,125625,48750,7491.17,0.15366499862564106
0.7,380,3056,333,129,74,55,126540,49020,7394.91,0.15085497282741747
0.7,385,3056,328,127,72,55,126280,48895,8246.94,0.16866622945086412
0.7,390,3056,327,127,72,55,127530,49530,8340.31,0.16838896430446199
0.7,395,3056,324,127,72,55,127980,50165,8430.33,0.16805210521279773
0.7,400,3056,323,126,72,54,129200,50400,7919.44,0.1571317111507938
0.7,405,3056,321,125,71,54,130005,50625,8413.89,0.16620028523456795
0.7,410,3056,321,125,71,54,131610,51250,8506.96,0.1659895466341465
0.7,415,3056,320,125,71,54,132800,51875,8599.82,0.16577960327710842
0.7,420,3056,319,125,71,54,133980,52500,8696.24,0.16564260817142862
0.7,425,3056,319,125,71,54,135575,53125,8795.02,0.16555338475294126
0.7,430,3056,317,125,71,54,136310,53750,8891.59,0.16542484855813963
0.7,435,3056,315,125,71,54,137025,54375,8987.82,0.16529316082758622
0.7,440,3056,313,125,71,54,137720,55000,9079.79,0.16508701692727273
0.7,445,3056,309,125,71,54,137505,55625,9167.39,0.16480702304719097
0.7,450,3056,308,125,71,54,138600,56250,9252.98,0.16449744186666673
0.7,455,3056,307,124,70,54,139685,56420,9793.04,0.17357393059198872
0.7,460,3056,307,124,70,54,141220,57040,9876.7,0.1731538584502104
0.7,465,3056,307,124,70,54,142755,57660,9958.69,0.17271400513354151
0.7,470,3056,305,123,69,54,143350,57810,10512.31,0.18184248559072835
0.7,475,3056,302,122,69,53,143450,57950,10064.94,0.1736832443485764
0.7,480,3056,302,122,69,53,144960,58560,10143.82,0.17322104868510926
0.7,485,3056,301,122,69,53,145985,59170,10225.88,0.17282201764407643
0.7,490,3056,300,122,69,53,147000,59780,10309.77,0.17246183364001336
0.7,495,3056,297,119,67,52,147015,58905,10865.4,0.1844563696969698
0.7,500,3056,297,119,67,52,148500,59500,10955.19,0.18412089867226886
0.75,5,3056,789,225,104,121,3945,1125,685.96,0.6097383191111113
0.75,10,3056,737,212,100,112,7370,2120,1267.84,0.5980376768867927
0.75,15,3056,703,205,96,109,10545,3075,1953.49,0.635280679674797
0.75,20,3056,682,201,96,105,13640,4020,2568.09,0.6388281763681591
0.75,25,3056,669,199,96,103,16725,4975,3148.95,0.6329548502512562
0.75,30,3056,646,197,94,103,19380,5910,3846.31,0.6508139159052452
0.75,35,3056,632,194,93,101,22120,6790,994.05,0.14639946421207656
0.75,40,3056,622,191,92,99,24880,7640,1121.22,0.14675629777486904
0.75,45,3056,606,187,90,97,27270,8415,1309.94,0.15566679904931663
0.75,50,3056,592,185,89,96,29600,9250,1461.73,0.15802437600000002
0.75,55,3056,583,182,87,95,32065,10010,1713.52,0.1711803536463536
0.75,60,3056,573,178,86,92,34380,10680,1841.62,0.17243618726591775
0.75,65,3056,563,177,85,92,36595,11505,2074.07,0.1802751148196437
0.75,70,3056,552,175,85,90,38640,12250,2119.29,0.17300318759183678
0.75,75,3056,546,174,84,90,40950,13050,2352.03,0.1802320180842912
0.75,80,3056,540,171,84,87,43200,13680,2427.93,0.17748003983918134
0.75,85,3056,534,170,84,86,45390,14450,2507.06,0.173499086366782
0.75,90,3056,531,170,84,86,47790,15300,2653.49,0.17343043431372546
0.75,95,3056,531,170,84,86,50445,16150,2807.26,0.17382411337461307
0.75,100,3056,525,169,83,86,52500,16900,3064.08,0.18130670124260354
0.75,105,3056,519,168,82,86,54495,17640,3324.79,0.18848041893424047
0.75,110,3056,510,168,82,86,56100,18480,3482.04,0.18842206412337675
0.75,115,3056,506,168,82,86,58190,19320,3627.8,0.1877743930124223
0.75,120,3056,502,168,82,86,60240,20160,3773.47,0.18717605749007957
0.75,125,3056,500,168,82,86,62500,21000,3919.43,0.18663938457142853
0.75,130,3056,494,168,82,86,64220,21840,4067.9,0.18625931900183149
0.75,135,3056,485,166,81,85,65475,22410,4287.63,0.19132684801427935
0.75,140,3056,481,166,81,85,67340,23240,4447.36,0.19136670060240957
0.75,145,3056,475,163,80,83,68875,23635,4501.46,0.19045729900571184
0.75,150,3056,475,163,80,83,71250,24450,4667.25,0.19088971881390598
0.75,155,3056,469,159,79,80,72695,24645,4789.86,0.19435418324203693
0.75,160,3056,467,159,79,80,74720,25440,4946.92,0.1944544338836478
0.75,165,3056,466,158,79,79,76890,26070,4927.38,0.18900561327196003
0.75,170,3056,462,158,79,79,78540,26860,5071.92,0.1888280080789278
0.75,175,3056,459,157,78,79,80325,27475,5397.15,0.1964387034758872
0.75,180,3056,455,156,78,78,81900,28080,5436.63,0.1936122198361823
0.75,185,3056,449,153,78,75,83065,28305,5232.61,0.18486535106871574
0.75,190,3056,446,153,78,75,84740,29070,5376.36,0.1849454413140695
0.75,195,3056,443,152,78,74,86385,29640,5422.91,0.18295933647098514
0.75,200,3056,443,152,78,74,88600,30400,5561.48,0.18294347095394745
0.75,205,3056,437,149,78,71,89585,30545,4973.52,0.16282614843673274
0.75,210,3056,435,149,78,71,91350,31290,5103.01,0.1630875090763822
0.75,215,3056,434,149,78,71,93310,32035,5229.95,0.16325724766661465
0.75,220,3056,430,148,78,70,94600,32560,5219.24,0.1602961894348895
0.75,225,3056,430,148,78,70,96750,33300,5355.87,0.16083699954954947
0.75,230,3056,423,147,77,70,97290,33810,5723.94,0.16929726299911269
0.75,235,3056,419,147,77,70,98465,34545,5865.1,0.16978130215660733
0.75,240,3056,419,147,77,70,100560,35280,6000.52,0.1700828422619048
0.75,245,3056,418,147,77,70,102410,36015,6132.83,0.1702853591559072
0.75,250,3056,416,147,77,70,104000,36750,6265.38,0.17048656878911558
0.75,255,3056,416,147,77,70,106080,37485,6400.89,0.17075867301587302
0.75,260,3056,414,146,77,69,107640,37960,6266.77,0.16508884017386724
0.75,265,3056,413,145,77,68,109445,38425,6275.24,0.1633113070396877
0.75,270,3056,412,145,77,68,111240,39150,6398.21,0.16342802434227327
0.75,275,3056,407,144,77,67,111925,39600,6395.34,0.16149839409090902
0.75,280,3056,404,144,77,67,113120,40320,6515.95,0.16160592574404767
0.75,285,3056,404,144,77,67,115140,41040,6634.6,0.1616617820175438
0.75,290,3056,402,143,77,66,116580,41470,6486.01,0.1564025071376899
0.75,295,3056,401,143,77,66,118295,42185,6598.36,0.15641475370392321
0.75,300,3056,400,143,77,66,120000,42900,6706.1,0.15631933888111893
0.75,305,3056,399,143,77,66,121695,43615,6811.2,0.15616647167258962
0.75,310,3056,399,143,77,66,123690,44330,6916.22,0.15601663088202122
0.75,315,3056,395,142,76,66,124425,44730,7333.24,0.16394464869215292
0.75,320,3056,393,142,76,66,125760,45440,7440.93,0.1637529584507042
0.75,325,3056,391,142,76,66,127075,46150,7550.08,0.16359860790899242
0.75,330,3056,387,141,75,66,127710,46530,7987.13,0.17165551405544807
0.75,335,3056,384,141,75,66,128640,47235,8099.92,0.1714813641155922
0.75,340,3056,382,140,75,65,129880,47600,7947.05,0.16695488947478992
0.75,345,3056,381,139,75,64,131445,47955,7507.86,0.15656049934313426
0.75,350,3056,380,139,75,64,133000,48650,7599.13,0.15619998380267214
0.75,355,3056,378,139,75,64,134190,49345,7686.92,0.155779197324957
0.75,360,3056,376,139,75,64,135360,50040,7771.44,0.15530456630695447
0.75,365,3056,375,139,75,64,136875,50735,7854.01,0.1548044983344831
0.75,370,3056,374,139,75,64,138380,51430,7936.51,0.15431669529457517
0.75,375,3056,372,138,75,63,139500,51750,7835.73,0.15141499221256036
0.75,380,3056,370,137,75,62,140600,52060,7602.03,0.14602431279293124
0.75,385,3056,365,136,74,62,140525,52360,8076.45,0.1542485517379679
0.75,390,3056,362,136,74,62,141180,53040,8176.87,0.15416423222096523
0.75,395,3056,361,136,74,62,142595,53720,8276.51,0.15406755625465374
0.75,400,3056,359,135,74,61,143600,54000,7772.44,0.14393412846296305
0.75,405,3056,357,134,73,61,144585,54270,8270.0,0.15238620385111482
0.75,410,3056,357,134,73,61,146370,54940,8368.13,0.15231391619949033
0.75,415,3056,355,134,73,61,147325,55610,8465.94,0.1522376823772703
0.75,420,3056,354,134,73,61,148680,56280,8565.94,0.1522022656361052
0.75,425,3056,354,134,73,61,150450,56950,8667.01,0.15218632491659365
0.75,430,3056,351,133,72,61,150930,57190,9194.6,0.1607728152823921
0.75,435,3056,349,133,72,61,151815,57855,9297.94,0.16071116078126352
0.75,440,3056,347,133,72,61,152680,58520,9396.56,0.16057002997265898
0.75,445,3056,346,133,72,61,153970,59185,9489.66,0.1603389750781448
0.75,450,3056,344,133,72,61,154800,59850,9581.84,0.16009750126984135
0.75,455,3056,343,132,71,61,156065,60060,10129.29,0.1686528434065934
0.75,460,3056,342,132,71,61,157320,60720,10224.06,0.16838046296113307
0.75,465,3056,342,132,71,61,159030,61380,10316.61,0.1680777496904529
0.75,470,3056,340,131,70,61,159800,61570,10879.22,0.1766967903524444
0.75,475,3056,338,131,70,61,160550,62225,10972.14,0.17633006132583362
0.75,480,3056,337,131,70,61,161760,62880,11063.66,0.1759487937181934
0.75,485,3056,336,131,70,61,162960,63535,11158.81,0.17563240827890148
0.75,490,3056,335,131,70,61,164150,64190,11255.65,0.1753488951394298
0.75,495,3056,333,129,68,61,164835,63855,12340.32,0.1932553184402161
0.75,500,3056,333,129,68,61,166500,64500,12444.3,0.19293486553488368
0.8,5,3056,879,241,104,137,4395,1205,695.9,0.5775065560165976
0.8,10,3056,815,227,100,127,8150,2270,1337.06,0.5890112281938327
0.8,15,3056,780,219,96,123,11700,3285,1977.47,0.601969478234399
0.8,20,3056,758,216,96,120,15160,4320,2613.2,0.6049082331018518
0.8,25,3056,743,213,96,117,18575,5325,3241.82,0.6087928351173709
0.8,30,3056,722,210,95,115,21660,6300,3901.25,0.6192460747619047
0.8,35,3056,709,208,94,114,24815,7280,1104.61,0.15173180384615384
0.8,40,3056,699,206,93,113,27960,8240,1278.29,0.15513228543689325
0.8,45,3056,683,202,91,111,30735,9090,1488.16,0.16371345401540147
0.8,50,3056,669,200,90,110,33450,10000,1647.99,0.16479920190000008
0.8,55,3056,661,198,88,110,36355,10890,1930.26,0.17725097291092745
0.8,60,3056,650,194,87,107,39000,11640,2070.3,0.1778609972508592
0.8,65,3056,639,193,86,107,41535,12545,2314.97,0.18453361355121561
0.8,70,3056,628,191,86,105,43960,13370,2370.5,0.1773000894540015
0.8,75,3056,619,190,85,105,46425,14250,2613.25,0.1833859388070176
0.8,80,3056,611,187,85,102,48880,14960,2718.92,0.18174626377005348
0.8,85,3056,603,186,85,101,51255,15810,2813.21,0.17793857672359265
0.8,90,3056,600,186,85,101,54000,16740,2974.54,0.1776905483273596
0.8,95,3056,596,185,85,100,56620,17575,3118.48,0.17743828068278805
0.8,100,3056,590,184,84,100,59000,18400,3384.8,0.1839566034239131
0.8,105,3056,585,184,84,100,61425,19320,3551.64,0.1838323531573499
0.8,110,3056,575,183,84,99,63250,20130,3644.68,0.18105690745156494
0.8,115,3056,571,182,84,98,65665,20930,3766.02,0.17993415824175824
0.8,120,3056,568,182,84,98,68160,21840,3917.94,0.17939300869963376
0.8,125,3056,563,180,84,96,70375,22500,3995.59,0.17758156235555553
0.8,130,3056,558,180,84,96,72540,23400,4143.48,0.1770717423076923
0.8,135,3056,553,179,83,96,74655,24165,4432.26,0.18341644858266085
0.8,140,3056,547,179,83,96,76580,25060,4593.73,0.1833090652434158
0.8,145,3056,542,176,82,94,78590,25520,4649.42,0.1821871978448277
0.8,150,3056,538,176,82,94,80700,26400,4816.39,0.1824389348863637
0.8,155,3056,534,175,82,93,82770,27125,4913.11,0.18112847111520738
0.8,160,3056,531,174,82,92,84960,27840,5002.43,0.17968503344109193
0.8,165,3056,529,172,82,90,87285,28380,4920.07,0.17336406409443267
0.8,170,3056,526,172,82,90,89420,29240,5054.86,0.17287491450068404
0.8,175,3056,522,170,81,89,91350,29750,5292.1,0.1778856179495799
0.8,180,3056,517,169,81,88,93060,30420,5315.23,0.17472801729125575
0.8,185,3056,512,168,81,87,94720,31080,5330.21,0.17149970740025744
0.8,190,3056,507,166,81,85,96330,31540,5314.76,0.16850844806594803
0.8,195,3056,504,166,81,85,98280,32370,5435.48,0.16791717831325306
0.8,200,3056,504,166,81,85,100800,33200,5553.55,0.16727552108433733
0.8,205,3056,498,164,81,83,102090,33620,5034.66,0.14975185205234984
0.8,210,3056,496,164,81,83,104160,34440,5150.75,0.14955707389663175
0.8,215,3056,494,163,81,82,106210,35045,5164.27,0.1473610307319161
0.8,220,3056,489,162,81,81,107580,35640,5147.17,0.14442121997755333
0.8,225,3056,487,160,81,79,109575,36000,4995.29,0.13875805016666665
0.8,230,3056,478,159,80,79,109940,36570,5334.51,0.14587123759912496
0.8,235,3056,475,159,80,79,111625,37365,5447.54,0.14579246709487487
0.8,240,3056,471,158,80,78,113040,37920,5495.46,0.14492247763713076
0.8,245,3056,468,157,80,77,114660,38465,5535.84,0.14391879383855455
0.8,250,3056,465,157,80,77,116250,39250,5649.16,0.14392776397452225
0.8,255,3056,464,157,80,77,118320,40035,5764.43,0.14398469326839008
0.8,260,3056,463,157,80,77,120380,40820,5874.93,0.14392287354238123
0.8,265,3056,462,157,80,77,122430,41605,5979.86,0.14372939355846645
0.8,270,3056,461,157,80,77,124470,42390,6083.02,0.14350139320594474
0.8,275,3056,457,156,80,76,125675,42900,6099.76,0.14218544967365968
0.8,280,3056,454,156,80,76,127120,43680,6201.27,0.14197038351648356
0.8,285,3056,451,156,80,76,128535,44460,6302.68,0.14176077197480885
0.8,290,3056,450,156,80,76,130500,45240,6400.46,0.14147799918213974
0.8,295,3056,449,155,80,75,132455,45725,6229.27,0.13623335127392017
0.8,300,3056,446,154,79,75,133800,46200,6617.84,0.14324336543290045
0.8,305,3056,444,154,79,75,135420,46970,6707.25,0.14279851166702145
0.8,310,3056,443,154,79,75,137330,47740,6799.1,0.14241941395056554
0.8,315,3056,441,153,78,75,138915,48195,7203.0,0.14945534816889716
0.8,320,3056,437,152,78,74,139840,48640,7209.93,0.14823041122532896
0.8,325,3056,436,152,78,74,141700,49400,7305.69,0.14788839406882595
0.8,330,3056,433,151,77,74,142890,49830,7731.13,0.15515016144892635
0.8,335,3056,432,151,77,74,144720,50585,7832.54,0.15483920193733317
0.8,340,3056,431,151,77,74,146540,51340,7932.6,0.15451107481495904
0.8,345,3056,430,150,77,73,148350,51750,7479.84,0.14453805426086955
0.8,350,3056,428,150,77,73,149800,52500,7560.56,0.144010756152381
0.8,355,3056,426,150,77,73,151230,53250,7638.37,0.14344348122065725
0.8,360,3056,422,148,77,71,151920,53280,7303.15,0.13707109420045044
0.8,365,3056,421,148,77,71,153665,54020,7375.68,0.1365361090151796
0.8,370,3056,419,147,77,70,155030,54390,7351.21,0.1351573769810627
0.8,375,3056,418,147,77,70,156750,55125,7427.88,0.13474613804988658
0.8,380,3056,417,147,77,70,158460,55860,7513.44,0.1345048209452202
0.8,385,3056,413,146,76,70,159005,56210,7983.56,0.1420309105141434
0.8,390,3056,411,146,76,70,160290,56940,8077.15,0.14185375702493855
0.8,395,3056,409,145,76,69,161555,57275,7980.16,0.13933060115233525
0.8,400,3056,408,144,76,68,163200,57600,7467.88,0.12965070409722237
0.8,405,3056,407,144,76,68,164835,58320,7551.51,0.1294841315500686
0.8,410,3056,407,144,76,68,166870,59040,7635.89,0.12933422432249322
0.8,415,3056,404,144,76,68,167660,59760,7719.96,0.1291828025100402
0.8,420,3056,402,143,75,68,168840,60060,8225.9,0.13696141277056284
0.8,425,3056,401,142,75,67,170425,60350,7980.28,0.13223337840927926
0.8,430,3056,399,142,75,67,171570,61060,8066.26,0.13210384444808393
0.8,435,3056,397,142,75,67,172695,61770,8153.77,0.13200203299336252
0.8,440,3056,394,142,75,67,173360,62480,8238.5,0.13185825353713185
0.8,445,3056,392,142,75,67,174440,63190,8318.08,0.131636013309068
0.8,450,3056,391,142,75,67,175950,63900,8397.08,0.1314096390923319
0.8,455,3056,390,141,74,67,177450,64155,8931.15,0.139212056067337
0.8,460,3056,388,140,73,67,178480,64400,9472.77,0.1470926866770187
0.8,465,3056,387,139,72,67,179955,64635,10022.22,0.15505873308578946
0.8,470,3056,384,138,71,67,180480,64860,10581.93,0.1631502891766883
0.8,475,3056,382,138,71,67,181450,65550,10672.32,0.1628119168726163
0.8,480,3056,380,138,71,67,182400,66240,10760.9,0.16245318488828503
0.8,485,3056,379,138,71,67,183815,66930,10857.63,0.16222371075750788
0.8,490,3056,376,138,71,67,184240,67620,10951.93,0.16196282664892048
0.8,495,3056,374,136,69,67,185130,67320,12033.36,0.1787486971182412
0.8,500,3056,374,136,69,67,187000,68000,12133.11,0.1784280249705882
